acct_id,tenant_code,company,contact_email,signup_date,country,mrr_usd,deleted_flag
CRM-000698,tnt_apac,Wayne Foods 698,ops698@wayne.example,05/08/2022,USA,13310.85,Y
CRM-000620,tnt_emea,Wayne Analytics 620,ops620@wayne.example,20/02/2022,DE,13871.11,N
CRM-000165,tnt_amer,Aperture Health 165,ops165@aperture.example,03/10/2023,USA,9958.90,N
CRM-001236,tnt_emea,Oceanic Traders 1236,ops1236@oceanic.example,28/01/2025,US,21096.59,N
CRM-000847,tnt_emea,Globex Partners 847,ops847@globex.example,28/05/2022,USA,34298.35,N
CRM-000607,tnt_apac,Soylent Health 607,ops607@soylent.example,14/07/2023,DE,31330.65,N
CRM-001330,tnt_emea,Soylent Labs 1330,ops1330@soylent.example,13/12/2023,en-IN,2734.72,N
CRM-000227,tnt_apac,Umbrella Traders 227,ops227@umbrella.example,07/03/2025,en-IN,21062.12,N
CRM-000509,tnt_amer,Initech Analytics 509,ops509@initech.example,21/07/2022,en-IN,22998.86,N
CRM-000956,tnt_amer,Northwind Ventures 956,ops956@northwind.example,20/07/2024,US,17828.83,N
CRM-000198,tnt_apac,Stark Systems 198,ops198@stark.example,14/04/2023,DE,8880.46,N
CRM-000478,tnt_amer,Stark Holdings 478,  OPS478@STARK.EXAMPLE  ,07/05/2022,en-IN,505.58,N
CRM-001195,tnt_apac,Meridian Networks 1195,ops1195@meridian.example,22/04/2023,DE,35305.47,N
CRM-101249,tnt_amer,Tyrell Labs 1249 (Regional),ops1249@tyrell.example,03/08/2023,US,23065.22,N
CRM-000806,tnt_apac,Aperture Holdings 806,ops806@aperture.example,16/04/2024,India,23485.59,N
CRM-001096,tnt_amer,Stark Health 1096,  OPS1096@STARK.EXAMPLE  ,22/08/2022,IN,22727.62,N
CRM-000485,tnt_apac,Stark Industries 485,ops485@stark.example,07/03/2023,DE,35836.38,N
CRM-001218,tnt_apac,Meridian Holdings 1218,ops1218@meridian.example,17/09/2024,US,37850.90,N
CRM-000615,tnt_apac,Umbrella Ventures 615,ops615@umbrella.example,26/07/2024,IN,12287.45,N
CRM-001132,tnt_amer,Soylent Analytics 1132,ops1132@soylent.example,26/08/2023,USA,35690.02,N
CRM-000673,tnt_emea,Cyberdyne Industries 673,ops673@cyberdyne.example,27/08/2023,Germany,23764.18,N
CRM-001256,tnt_apac,Acme Traders 1256,ops1256@acme.example,10/06/2022,USA,21664.86,Y
CRM-000890,tnt_apac,Meridian Holdings 890,ops890@meridian.example,13/05/2022,Germany,36846.41,N
CRM-000740,tnt_emea,Virtucon Solutions 740,ops740@virtucon.example,23/11/2022,en-IN,329.71,N
CRM-000033,tnt_emea,Wayne Health 33,ops33@wayne.example,06/06/2023,IN,267.28,N
CRM-000895,tnt_amer,Initech Ventures 895,ops895@initech.example,06/07/2022,US,23274.96,N
CRM-000301,tnt_emea,Meridian Partners 301,ops301@meridian.example,06/03/2024,IN,27017.78,N
CRM-000242,tnt_amer,Stark Systems 242,ops242@stark.example,11/01/2024,US,30227.85,N
CRM-000519,tnt_apac,Acme Partners 519,ops519@acme.example,05/01/2023,India,28313.97,N
CRM-001389,tnt_emea,Vertex Logistics 1389,ops1389@vertex.example,23/10/2022,US,4758.31,N
CRM-000776,tnt_amer,Stark Group 776,ops776@stark.example,22/01/2025,en-IN,31058.11,N
CRM-000703,tnt_amer,Oceanic Health 703,ops703@oceanic.example,11/08/2023,US,28592.28,N
CRM-000493,tnt_apac,Oceanic Group 493,,27/10/2022,Germany,35156.36,N
CRM-000603,tnt_apac,Stark Holdings 603,ops603@stark.example,10/11/2024,en-IN,2127.50,N
CRM-001184,tnt_apac,Meridian Networks 1184,ops1184@meridian.example,15/07/2024,en-IN,36604.69,N
CRM-000038,tnt_apac,Meridian Solutions 38,ops38@meridian.example,29/04/2022,en-IN,14456.08,N
CRM-000119,tnt_emea,Stark Traders 119,ops119@stark.example,05/06/2022,Germany,10658.07,N
CRM-000979,tnt_amer,Globex Analytics 979,ops979@globex.example,07/08/2022,US,34400.42,N
CRM-000595,tnt_apac,Soylent Networks 595,ops595@soylent.example,19/02/2023,USA,37738.14,N
CRM-000448,tnt_apac,Meridian Group 448,  OPS448@MERIDIAN.EXAMPLE  ,25/02/2023,US,26681.31,N
CRM-000099,tnt_amer,Aperture Holdings 99,ops99@aperture.example,30/09/2024,Germany,11142.21,N
CRM-000404,tnt_emea,Soylent Holdings 404,ops404@soylent.example,05/03/2022,Germany,5720.12,N
CRM-000741,tnt_amer,Globex Systems 741,ops741@globex.example,13/02/2023,IN,14164.22,N
CRM-001002,tnt_apac,Initech Systems 1002,ops1002@initech.example,03/06/2023,Germany,24285.34,N
CRM-000069,tnt_apac,Meridian Industries 69,  OPS69@MERIDIAN.EXAMPLE  ,16/04/2023,IN,25071.11,N
CRM-000754,tnt_amer,Wayne Foods 754,  OPS754@WAYNE.EXAMPLE  ,04/08/2023,US,27425.15,Y
CRM-000983,tnt_apac,Virtucon Traders 983,ops983@virtucon.example,03/09/2024,IN,40637.19,N
CRM-001398,tnt_amer,Soylent Labs 1398,ops1398@soylent.example,26/01/2023,India,2012.92,N
CRM-001026,tnt_emea,Umbrella Labs 1026,ops1026@umbrella.example,06/06/2023,en-IN,18636.84,N
CRM-000029,tnt_amer,Meridian Partners 29,ops29@meridian.example,28/10/2023,USA,40131.96,N
CRM-000202,tnt_apac,Globex Labs 202,ops202@globex.example,15/05/2022,en-IN,36582.26,N
CRM-001315,tnt_apac,Wayne Labs 1315,ops1315@wayne.example,11/10/2024,DE,32975.93,N
CRM-000229,tnt_emea,Initech Group 229,ops229@initech.example,15/06/2023,Germany,26504.45,N
CRM-000720,tnt_emea,Soylent Labs 720,ops720@soylent.example,09/03/2023,IN,14775.23,N
CRM-001283,tnt_amer,Meridian Logistics 1283,ops1283@meridian.example,21/12/2022,USA,21341.12,Y
CRM-001372,tnt_amer,Aperture Solutions 1372,ops1372@aperture.example,16/03/2025,USA,15030.32,N
CRM-001358,tnt_apac,Vertex Labs 1358,ops1358@vertex.example,29/11/2022,USA,30331.50,N
CRM-100259,tnt_amer,Northwind Labs 259 (Regional),ops259@northwind.example,04/08/2022,DE,36692.89,N
CRM-000296,tnt_emea,Vertex Industries 296,ops296@vertex.example,18/04/2023,India,16904.04,N
CRM-000584,tnt_amer,Hooli Ventures 584,ops584@hooli.example,20/05/2024,Germany,36189.04,N
CRM-000199,tnt_amer,Virtucon Analytics 199,ops199@virtucon.example,29/12/2024,USA,9191.22,Y
CRM-000660,tnt_emea,Aperture Health 660,ops660@aperture.example,10/06/2024,India,29069.31,N
CRM-000053,tnt_apac,Northwind Logistics 53,ops53@northwind.example,09/04/2022,IN,25415.96,Y
CRM-001037,tnt_emea,Vertex Solutions 1037,ops1037@vertex.example,13/01/2025,Germany,38779.82,N
CRM-000551,tnt_apac,Globex Networks 551,ops551@globex.example,20/04/2023,DE,28981.81,N
CRM-000370,tnt_apac,Globex Traders 370,ops370@globex.example,26/10/2023,IN,43772.88,N
CRM-000186,tnt_emea,Aperture Health 186,ops186@aperture.example,07/04/2025,en-IN,16965.01,N
CRM-001201,tnt_apac,Hooli Industries 1201,ops1201@hooli.example,08/11/2023,Germany,28520.15,N
CRM-000057,tnt_amer,Initech Holdings 57,ops57@initech.example,08/10/2022,US,4557.49,N
CRM-000428,tnt_emea,Umbrella Analytics 428,ops428@umbrella.example,01/07/2024,IN,8906.61,N
CRM-000894,tnt_apac,Aperture Group 894,ops894@aperture.example,26/01/2023,Germany,31150.47,N
CRM-000282,tnt_emea,Acme Solutions 282,ops282@acme.example,15/07/2022,en-IN,19954.43,N
CRM-000514,tnt_emea,Soylent Holdings 514,ops514@soylent.example,05/09/2022,IN,42597.73,N
CRM-000012,tnt_emea,Vertex Traders 12,ops12@vertex.example,25/07/2022,USA,6016.65,N
CRM-000541,tnt_amer,Tyrell Logistics 541,ops541@tyrell.example,13/01/2023,India,24220.28,N
CRM-000571,tnt_amer,Northwind Health 571,ops571@northwind.example,03/03/2025,Germany,8505.74,N
CRM-001376,tnt_apac,Virtucon Industries 1376,ops1376@virtucon.example,05/10/2024,US,11656.93,N
CRM-000616,tnt_apac,Virtucon Health 616,ops616@virtucon.example,30/12/2023,India,38694.70,N
CRM-001226,tnt_emea,Wayne Ventures 1226,ops1226@wayne.example,16/05/2024,USA,43102.42,N
CRM-000206,tnt_apac,Umbrella Ventures 206,ops206@umbrella.example,01/11/2024,India,32217.39,N
CRM-000576,tnt_amer,Umbrella Logistics 576,ops576@umbrella.example,28/03/2024,India,41376.12,N
CRM-000887,tnt_amer,Vertex Holdings 887,ops887@vertex.example,09/11/2022,IN,23519.41,N
CRM-001232,tnt_amer,Tyrell Logistics 1232,ops1232@tyrell.example,22/04/2023,USA,21069.13,N
CRM-000558,tnt_emea,Soylent Industries 558,  OPS558@SOYLENT.EXAMPLE  ,17/10/2024,en-IN,35213.61,N
CRM-000578,tnt_amer,Initech Holdings 578,ops578@initech.example,18/05/2022,US,14826.36,N
CRM-000863,tnt_amer,Northwind Labs 863,ops863@northwind.example,20/03/2025,US,5649.76,N
CRM-001188,tnt_apac,Umbrella Solutions 1188,ops1188@umbrella.example,21/11/2023,US,3257.99,N
CRM-001095,tnt_apac,Wayne Foods 1095,ops1095@wayne.example,25/10/2023,USA,36356.97,N
CRM-000579,tnt_apac,Soylent Labs 579,  OPS579@SOYLENT.EXAMPLE  ,27/05/2024,US,34949.16,N
CRM-000486,tnt_amer,Meridian Foods 486,ops486@meridian.example,30/07/2022,en-IN,6581.03,N
CRM-001297,tnt_apac,Cyberdyne Group 1297,ops1297@cyberdyne.example,17/02/2023,en-IN,7186.04,N
CRM-000245,tnt_emea,Virtucon Partners 245,ops245@virtucon.example,02/01/2024,US,33509.91,N
CRM-000297,tnt_amer,Hooli Logistics 297,ops297@hooli.example,08/01/2025,en-IN,5274.24,Y
CRM-000575,tnt_apac,Globex Labs 575,ops575@globex.example,28/03/2024,DE,41959.24,N
CRM-001122,tnt_emea,Northwind Logistics 1122,ops1122@northwind.example,17/08/2023,DE,22905.54,N
CRM-001367,tnt_emea,Meridian Group 1367,ops1367@meridian.example,06/03/2024,USA,35083.34,N
CRM-001160,tnt_amer,Initech Group 1160,ops1160@initech.example,10/08/2023,USA,12615.70,N
CRM-101012,tnt_emea,Soylent Networks 1012 (Regional),ops1012@soylent.example,28/03/2025,US,19130.06,N
CRM-000268,tnt_emea,Globex Solutions 268,ops268@globex.example,22/11/2022,USA,9112.13,N
CRM-000552,tnt_apac,Acme Group 552,ops552@acme.example,02/04/2024,IN,30930.15,Y
CRM-000317,tnt_amer,Umbrella Networks 317,ops317@umbrella.example,19/11/2023,Germany,14500.57,N
CRM-001329,tnt_amer,Virtucon Group 1329,,31/10/2024,en-IN,32592.01,N
CRM-001248,tnt_apac,Hooli Health 1248,ops1248@hooli.example,06/07/2023,US,31649.15,N
CRM-001360,tnt_amer,Virtucon Traders 1360,ops1360@virtucon.example,11/04/2022,en-IN,29376.63,N
CRM-100371,tnt_emea,Globex Ventures 371 (Regional),ops371@globex.example,22/05/2022,IN,206.53,N
CRM-000480,tnt_apac,Globex Industries 480,ops480@globex.example,31/08/2023,USA,9908.34,N
CRM-000136,tnt_amer,Cyberdyne Foods 136,ops136@cyberdyne.example,28/09/2023,USA,19353.12,N
CRM-000459,tnt_emea,Meridian Networks 459,ops459@meridian.example,08/06/2022,IN,676.81,N
CRM-001170,tnt_apac,Virtucon Networks 1170,ops1170@virtucon.example,24/05/2023,USA,9974.19,N
CRM-000013,tnt_apac,Aperture Analytics 13,,19/04/2022,IN,6964.96,N
CRM-000247,tnt_apac,Cyberdyne Solutions 247,ops247@cyberdyne.example,06/03/2023,DE,24796.59,N
CRM-000668,tnt_emea,Virtucon Systems 668,ops668@virtucon.example,11/10/2023,IN,23216.30,N
CRM-000226,tnt_apac,Vertex Labs 226,ops226@vertex.example,27/10/2024,US,21837.60,N
CRM-000043,tnt_amer,Northwind Labs 43,ops43@northwind.example,13/04/2022,USA,35778.53,N
CRM-000205,tnt_amer,Virtucon Solutions 205,ops205@virtucon.example,04/03/2022,Germany,16775.35,N
CRM-000250,tnt_amer,Meridian Partners 250,ops250@meridian.example,30/08/2023,en-IN,38498.98,N
CRM-000817,tnt_amer,Globex Labs 817,ops817@globex.example,04/06/2024,DE,23702.63,N
CRM-000111,tnt_apac,Meridian Industries 111,ops111@meridian.example,16/03/2025,US,43269.82,N
CRM-101348,tnt_amer,Hooli Health 1348 (Regional),ops1348@hooli.example,26/11/2024,US,2003.82,N
CRM-000492,tnt_amer,Globex Analytics 492,  OPS492@GLOBEX.EXAMPLE  ,15/07/2024,India,30577.63,N
CRM-000179,tnt_amer,Meridian Group 179,ops179@meridian.example,02/05/2022,en-IN,38870.97,N
CRM-001382,tnt_apac,Virtucon Ventures 1382,ops1382@virtucon.example,14/02/2024,DE,25333.33,N
CRM-000726,tnt_emea,Tyrell Labs 726,ops726@tyrell.example,14/05/2022,Germany,12868.00,N
CRM-000357,tnt_emea,Aperture Labs 357,ops357@aperture.example,22/01/2022,USA,41268.74,N
CRM-000999,tnt_apac,Oceanic Networks 999,ops999@oceanic.example,17/09/2024,USA,24320.15,N
CRM-001084,tnt_emea,Northwind Labs 1084,ops1084@northwind.example,04/07/2022,US,7812.94,N
CRM-001150,tnt_emea,Meridian Labs 1150,ops1150@meridian.example,08/04/2023,DE,26189.56,N
CRM-001373,tnt_amer,Wayne Solutions 1373,ops1373@wayne.example,22/08/2022,Germany,8425.99,N
CRM-001067,tnt_emea,Meridian Systems 1067,ops1067@meridian.example,09/07/2024,Germany,37601.27,N
CRM-000975,tnt_emea,Aperture Systems 975,,03/10/2022,Germany,39444.11,N
CRM-000973,tnt_apac,Virtucon Holdings 973,ops973@virtucon.example,14/10/2023,USA,13486.57,N
CRM-001082,tnt_emea,Virtucon Traders 1082,ops1082@virtucon.example,27/07/2022,US,29090.92,Y
CRM-000439,tnt_apac,Meridian Ventures 439,ops439@meridian.example,18/03/2023,en-IN,5342.00,N
CRM-001396,tnt_apac,Tyrell Health 1396,ops1396@tyrell.example,03/06/2024,Germany,43220.83,N
CRM-000554,tnt_amer,Globex Logistics 554,ops554@globex.example,21/01/2022,IN,25744.25,N
CRM-001156,tnt_emea,Hooli Solutions 1156,ops1156@hooli.example,06/01/2025,IN,4455.52,N
CRM-000028,tnt_amer,Aperture Health 28,ops28@aperture.example,12/04/2025,en-IN,32067.00,N
CRM-001342,tnt_emea,Virtucon Industries 1342,ops1342@virtucon.example,30/08/2023,IN,43935.42,N
CRM-000075,tnt_apac,Aperture Logistics 75,ops75@aperture.example,15/01/2025,India,14749.83,N
CRM-001272,tnt_amer,Cyberdyne Networks 1272,ops1272@cyberdyne.example,15/11/2022,DE,27255.29,N
CRM-000246,tnt_emea,Aperture Holdings 246,ops246@aperture.example,09/03/2024,IN,30941.67,N
CRM-000686,tnt_emea,Northwind Logistics 686,ops686@northwind.example,29/07/2023,US,44218.71,N
CRM-001238,tnt_emea,Northwind Traders 1238,ops1238@northwind.example,05/04/2024,IN,5443.20,N
CRM-000878,tnt_emea,Wayne Labs 878,ops878@wayne.example,04/01/2023,Germany,24645.95,Y
CRM-000618,tnt_emea,Globex Health 618,ops618@globex.example,01/07/2024,DE,23909.61,N
CRM-000155,tnt_emea,Meridian Analytics 155,ops155@meridian.example,29/10/2022,DE,29839.46,N
CRM-000892,tnt_amer,Umbrella Health 892,ops892@umbrella.example,29/07/2022,IN,22977.17,N
CRM-000303,tnt_emea,Oceanic Group 303,ops303@oceanic.example,16/07/2022,USA,13789.23,N
CRM-000700,tnt_amer,Virtucon Industries 700,ops700@virtucon.example,09/05/2023,USA,14257.58,N
CRM-000066,tnt_apac,Wayne Logistics 66,ops66@wayne.example,14/01/2023,USA,19779.98,N
CRM-000405,tnt_amer,Tyrell Partners 405,,22/02/2022,IN,37818.28,N
CRM-001119,tnt_apac,Aperture Labs 1119,ops1119@aperture.example,25/01/2025,IN,41834.17,N
CRM-000871,tnt_emea,Globex Ventures 871,ops871@globex.example,18/01/2025,US,40651.47,N
CRM-000915,tnt_emea,Oceanic Traders 915,ops915@oceanic.example,31/08/2023,US,11446.63,N
CRM-000997,tnt_apac,Oceanic Group 997,ops997@oceanic.example,03/10/2023,DE,10652.24,N
CRM-000103,tnt_amer,Vertex Systems 103,ops103@vertex.example,12/02/2022,IN,43396.16,N
CRM-001110,tnt_emea,Wayne Partners 1110,ops1110@wayne.example,28/05/2023,IN,31799.24,N
CRM-001157,tnt_apac,Soylent Holdings 1157,  OPS1157@SOYLENT.EXAMPLE  ,27/02/2023,USA,16290.69,N
CRM-000463,tnt_amer,Soylent Logistics 463,,04/04/2024,Germany,16649.11,N
CRM-001337,tnt_amer,Northwind Health 1337,ops1337@northwind.example,08/02/2023,US,36963.44,N
CRM-001244,tnt_emea,Northwind Labs 1244,ops1244@northwind.example,04/07/2024,en-IN,31810.49,N
CRM-000602,tnt_amer,Oceanic Group 602,ops602@oceanic.example,13/12/2022,DE,2527.20,N
CRM-001368,tnt_apac,Wayne Solutions 1368,ops1368@wayne.example,10/04/2022,USA,25586.44,N
CRM-001213,tnt_apac,Tyrell Industries 1213,ops1213@tyrell.example,02/10/2022,DE,10773.61,N
CRM-000807,tnt_amer,Hooli Foods 807,ops807@hooli.example,04/06/2024,Germany,34473.28,N
CRM-000462,tnt_apac,Vertex Systems 462,ops462@vertex.example,17/09/2022,India,35254.52,N
CRM-000349,tnt_amer,Acme Group 349,ops349@acme.example,11/03/2024,en-IN,16261.80,N
CRM-000426,tnt_amer,Aperture Foods 426,ops426@aperture.example,22/04/2022,IN,27472.61,N
CRM-000390,tnt_amer,Soylent Holdings 390,ops390@soylent.example,27/02/2022,US,42640.61,Y
CRM-001182,tnt_amer,Aperture Solutions 1182,  OPS1182@APERTURE.EXAMPLE  ,31/01/2022,en-IN,5694.25,Y
CRM-000924,tnt_apac,Wayne Solutions 924,,26/10/2024,US,17002.48,N
CRM-000101,tnt_apac,Globex Networks 101,ops101@globex.example,02/11/2024,IN,24461.11,N
CRM-000284,tnt_amer,Wayne Systems 284,ops284@wayne.example,16/06/2022,India,38160.04,N
CRM-000994,tnt_apac,Hooli Traders 994,ops994@hooli.example,19/08/2023,Germany,7306.26,N
CRM-001114,tnt_apac,Tyrell Holdings 1114,ops1114@tyrell.example,10/08/2024,US,16172.63,N
CRM-000307,tnt_apac,Vertex Group 307,ops307@vertex.example,23/05/2023,Germany,44186.46,N
CRM-000592,tnt_apac,Virtucon Partners 592,  OPS592@VIRTUCON.EXAMPLE  ,05/05/2023,IN,8757.65,N
CRM-001081,tnt_emea,Stark Analytics 1081,ops1081@stark.example,05/06/2024,Germany,34277.42,N
CRM-001303,tnt_emea,Aperture Ventures 1303,ops1303@aperture.example,30/08/2022,Germany,42116.61,N
CRM-000302,tnt_apac,Vertex Foods 302,ops302@vertex.example,30/10/2023,US,18987.96,N
CRM-000642,tnt_apac,Globex Systems 642,ops642@globex.example,24/06/2023,India,35369.67,N
CRM-000308,tnt_amer,Cyberdyne Health 308,ops308@cyberdyne.example,20/04/2023,Germany,4623.91,N
CRM-000685,tnt_emea,Umbrella Logistics 685,ops685@umbrella.example,16/10/2024,Germany,4704.10,N
CRM-000765,tnt_apac,Stark Group 765,ops765@stark.example,31/01/2023,Germany,35300.44,N
CRM-000292,tnt_amer,Stark Traders 292,ops292@stark.example,06/08/2022,India,17330.62,N
CRM-000876,tnt_emea,Cyberdyne Solutions 876,ops876@cyberdyne.example,04/09/2023,Germany,625.74,N
CRM-000819,tnt_apac,Umbrella Logistics 819,ops819@umbrella.example,30/11/2022,en-IN,42080.13,N
CRM-000902,tnt_amer,Stark Traders 902,ops902@stark.example,05/07/2023,India,14472.03,N
CRM-001172,tnt_apac,Oceanic Foods 1172,ops1172@oceanic.example,10/10/2024,US,6803.08,N
CRM-001227,tnt_emea,Northwind Foods 1227,ops1227@northwind.example,27/03/2023,US,44160.33,N
CRM-000738,tnt_apac,Oceanic Logistics 738,ops738@oceanic.example,12/11/2024,IN,484.35,N
CRM-000475,tnt_emea,Cyberdyne Networks 475,ops475@cyberdyne.example,15/12/2023,IN,6852.76,N
CRM-000666,tnt_emea,Globex Foods 666,ops666@globex.example,15/05/2023,USA,36154.92,N
CRM-000115,tnt_emea,Soylent Foods 115,ops115@soylent.example,24/01/2024,USA,33317.58,N
CRM-100229,tnt_amer,Initech Group 229 (Regional),ops229@initech.example,15/06/2023,USA,39859.28,N
CRM-001101,tnt_emea,Globex Solutions 1101,ops1101@globex.example,15/08/2024,US,2191.33,N
CRM-000544,tnt_apac,Acme Systems 544,ops544@acme.example,10/06/2024,Germany,41474.28,N
CRM-000913,tnt_amer,Umbrella Foods 913,ops913@umbrella.example,27/12/2023,DE,19476.60,Y
CRM-000833,tnt_amer,Tyrell Group 833,ops833@tyrell.example,12/07/2022,USA,34486.44,N
CRM-001292,tnt_amer,Northwind Solutions 1292,ops1292@northwind.example,29/04/2022,US,4306.23,N
CRM-001282,tnt_amer,Vertex Holdings 1282,ops1282@vertex.example,18/10/2024,Germany,14204.73,N
CRM-000411,tnt_amer,Hooli Networks 411,ops411@hooli.example,04/10/2022,Germany,14662.02,N
CRM-000438,tnt_apac,Vertex Logistics 438,ops438@vertex.example,10/08/2023,India,33797.57,N
CRM-000408,tnt_apac,Vertex Analytics 408,ops408@vertex.example,26/04/2023,USA,35136.30,N
CRM-001383,tnt_apac,Initech Foods 1383,ops1383@initech.example,15/07/2023,en-IN,27499.50,N
CRM-000860,tnt_apac,Stark Holdings 860,ops860@stark.example,08/02/2024,USA,24317.43,N
CRM-000675,tnt_apac,Tyrell Solutions 675,ops675@tyrell.example,09/02/2022,IN,13772.59,N
CRM-000222,tnt_emea,Globex Holdings 222,ops222@globex.example,06/07/2023,USA,15536.18,N
CRM-000843,tnt_amer,Oceanic Ventures 843,ops843@oceanic.example,10/01/2025,DE,15712.84,N
CRM-000077,tnt_apac,Cyberdyne Analytics 77,ops77@cyberdyne.example,11/09/2023,USA,29602.83,N
CRM-000023,tnt_apac,Tyrell Analytics 23,ops23@tyrell.example,04/08/2023,India,38564.06,N
CRM-000760,tnt_emea,Umbrella Health 760,ops760@umbrella.example,06/05/2024,DE,2603.00,N
CRM-000581,tnt_emea,Tyrell Labs 581,ops581@tyrell.example,25/06/2024,Germany,19671.24,N
CRM-000100,tnt_amer,Globex Industries 100,ops100@globex.example,19/07/2023,en-IN,33816.48,N
CRM-000269,tnt_apac,Tyrell Holdings 269,ops269@tyrell.example,23/03/2022,en-IN,11153.53,N
CRM-000978,tnt_apac,Vertex Industries 978,ops978@vertex.example,30/06/2023,US,39422.45,N
CRM-000094,tnt_amer,Stark Holdings 94,ops94@stark.example,05/01/2022,DE,2824.23,N
CRM-000091,tnt_apac,Initech Partners 91,ops91@initech.example,03/01/2022,en-IN,20711.17,N
CRM-000916,tnt_amer,Initech Partners 916,ops916@initech.example,12/09/2024,IN,32728.81,N
CRM-000465,tnt_amer,Cyberdyne Foods 465,ops465@cyberdyne.example,03/03/2025,USA,42439.13,N
CRM-000376,tnt_amer,Hooli Solutions 376,ops376@hooli.example,15/04/2024,Germany,41726.54,N
CRM-001234,tnt_emea,Virtucon Analytics 1234,ops1234@virtucon.example,10/07/2024,India,44886.03,N
CRM-000398,tnt_amer,Vertex Foods 398,ops398@vertex.example,26/08/2023,USA,43244.14,N
CRM-000020,tnt_amer,Virtucon Networks 20,,03/07/2022,USA,22290.90,N
CRM-001070,tnt_apac,Wayne Solutions 1070,ops1070@wayne.example,07/01/2022,Germany,13302.69,N
CRM-000543,tnt_amer,Meridian Traders 543,ops543@meridian.example,22/08/2022,US,19127.40,N
CRM-000608,tnt_emea,Oceanic Logistics 608,ops608@oceanic.example,17/01/2024,India,25106.64,Y
CRM-000499,tnt_amer,Virtucon Industries 499,ops499@virtucon.example,09/02/2025,Germany,25573.60,N
CRM-000441,tnt_amer,Cyberdyne Systems 441,ops441@cyberdyne.example,25/12/2023,US,19215.91,N
CRM-001314,tnt_amer,Cyberdyne Systems 1314,ops1314@cyberdyne.example,29/08/2022,en-IN,35691.07,N
CRM-000750,tnt_amer,Acme Group 750,ops750@acme.example,18/10/2023,en-IN,31478.53,N
CRM-001043,tnt_emea,Acme Ventures 1043,ops1043@acme.example,14/10/2022,IN,30880.13,N
CRM-000624,tnt_amer,Vertex Partners 624,ops624@vertex.example,17/02/2024,USA,32814.14,N
CRM-001265,tnt_emea,Initech Logistics 1265,ops1265@initech.example,08/09/2023,India,16428.41,N
CRM-000952,tnt_amer,Hooli Partners 952,ops952@hooli.example,09/08/2023,Germany,19370.02,Y
CRM-000622,tnt_amer,Oceanic Holdings 622,ops622@oceanic.example,13/05/2023,Germany,16134.60,N
CRM-001073,tnt_emea,Globex Solutions 1073,ops1073@globex.example,24/02/2023,India,14121.31,N
CRM-001189,tnt_emea,Hooli Foods 1189,ops1189@hooli.example,20/04/2024,DE,43018.19,N
CRM-000330,tnt_amer,Wayne Holdings 330,ops330@wayne.example,22/12/2024,DE,38532.21,N
CRM-000528,tnt_amer,Oceanic Foods 528,ops528@oceanic.example,04/01/2024,DE,40991.94,Y
CRM-000102,tnt_apac,Vertex Partners 102,ops102@vertex.example,13/01/2025,Germany,8571.16,N
CRM-000391,tnt_amer,Globex Traders 391,ops391@globex.example,24/10/2022,US,1726.82,Y
CRM-001324,tnt_emea,Soylent Networks 1324,ops1324@soylent.example,19/11/2024,India,23331.75,N
CRM-000026,tnt_apac,Cyberdyne Ventures 26,ops26@cyberdyne.example,14/11/2024,USA,32703.02,N
CRM-001075,tnt_apac,Virtucon Networks 1075,ops1075@virtucon.example,14/06/2022,USA,18083.70,N
CRM-000972,tnt_apac,Oceanic Traders 972,ops972@oceanic.example,03/05/2022,DE,32646.40,N
CRM-000506,tnt_amer,Hooli Ventures 506,ops506@hooli.example,01/11/2022,IN,1257.81,N
CRM-001126,tnt_apac,Meridian Foods 1126,ops1126@meridian.example,04/10/2022,India,9298.95,N
CRM-000366,tnt_amer,Soylent Ventures 366,ops366@soylent.example,01/07/2023,en-IN,32798.82,N
CRM-001169,tnt_emea,Virtucon Systems 1169,ops1169@virtucon.example,20/10/2024,USA,33443.05,Y
CRM-000362,tnt_amer,Globex Holdings 362,ops362@globex.example,17/12/2024,Germany,8102.55,N
CRM-000047,tnt_amer,Umbrella Analytics 47,ops47@umbrella.example,03/09/2023,USA,24454.22,N
CRM-000213,tnt_apac,Initech Labs 213,ops213@initech.example,05/11/2023,US,9011.23,N
CRM-000381,tnt_emea,Umbrella Ventures 381,ops381@umbrella.example,01/02/2022,IN,39687.48,N
CRM-001397,tnt_apac,Wayne Networks 1397,ops1397@wayne.example,18/01/2025,India,22055.35,N
CRM-000429,tnt_apac,Acme Industries 429,ops429@acme.example,27/01/2025,IN,9888.17,N
CRM-000687,tnt_apac,Acme Analytics 687,ops687@acme.example,28/01/2023,Germany,17911.19,N
CRM-000981,tnt_amer,Oceanic Ventures 981,ops981@oceanic.example,08/08/2024,US,4375.63,N
CRM-000923,tnt_emea,Globex Partners 923,ops923@globex.example,30/10/2024,US,41551.56,N
CRM-000235,tnt_apac,Oceanic Labs 235,ops235@oceanic.example,26/10/2023,Germany,32788.30,N
CRM-000151,tnt_emea,Tyrell Health 151,ops151@tyrell.example,26/03/2024,DE,35854.54,N
CRM-001392,tnt_amer,Meridian Ventures 1392,ops1392@meridian.example,25/02/2024,Germany,12564.98,N
CRM-000287,tnt_apac,Wayne Labs 287,ops287@wayne.example,15/11/2023,US,34229.42,N
CRM-001009,tnt_emea,Oceanic Ventures 1009,ops1009@oceanic.example,30/06/2023,IN,5306.03,N
CRM-000051,tnt_emea,Hooli Logistics 51,ops51@hooli.example,22/04/2023,en-IN,42656.20,N
CRM-000368,tnt_apac,Wayne Labs 368,ops368@wayne.example,10/08/2024,DE,28719.03,N
CRM-001355,tnt_amer,Tyrell Labs 1355,ops1355@tyrell.example,28/07/2023,Germany,22981.68,Y
CRM-001313,tnt_amer,Meridian Systems 1313,ops1313@meridian.example,06/10/2023,US,26948.76,N
CRM-000025,tnt_apac,Meridian Networks 25,ops25@meridian.example,31/01/2025,Germany,16063.13,N
CRM-000267,tnt_emea,Cyberdyne Health 267,ops267@cyberdyne.example,26/04/2024,DE,4100.19,N
CRM-000064,tnt_amer,Cyberdyne Networks 64,ops64@cyberdyne.example,01/10/2023,USA,27895.19,N
CRM-001034,tnt_emea,Northwind Health 1034,ops1034@northwind.example,21/11/2024,India,35319.95,N
CRM-000501,tnt_amer,Vertex Ventures 501,ops501@vertex.example,14/10/2023,India,6759.33,N
CRM-000402,tnt_amer,Hooli Solutions 402,ops402@hooli.example,08/02/2022,en-IN,44639.17,N
CRM-001240,tnt_amer,Virtucon Labs 1240,ops1240@virtucon.example,07/05/2023,USA,39082.83,N
CRM-001221,tnt_apac,Northwind Industries 1221,ops1221@northwind.example,13/07/2022,IN,43827.78,N
CRM-000804,tnt_amer,Meridian Industries 804,ops804@meridian.example,26/06/2022,USA,8943.48,N
CRM-000526,tnt_apac,Acme Networks 526,ops526@acme.example,06/03/2023,Germany,830.98,N
CRM-000120,tnt_amer,Virtucon Holdings 120,ops120@virtucon.example,27/01/2025,India,44587.81,N
CRM-000801,tnt_amer,Cyberdyne Partners 801,ops801@cyberdyne.example,30/10/2022,en-IN,18987.48,Y
CRM-000471,tnt_apac,Wayne Systems 471,ops471@wayne.example,23/01/2024,Germany,23677.75,N
CRM-001271,tnt_amer,Wayne Health 1271,ops1271@wayne.example,30/03/2024,USA,7315.51,N
CRM-001363,tnt_amer,Tyrell Systems 1363,ops1363@tyrell.example,30/05/2023,USA,32729.02,N
CRM-000800,tnt_apac,Initech Foods 800,ops800@initech.example,05/04/2022,en-IN,5742.96,N
CRM-000781,tnt_apac,Initech Foods 781,ops781@initech.example,01/12/2022,US,29608.02,N
CRM-000392,tnt_amer,Tyrell Health 392,ops392@tyrell.example,20/03/2025,IN,19573.52,N
CRM-001276,tnt_apac,Aperture Holdings 1276,ops1276@aperture.example,17/05/2023,India,21541.10,N
CRM-000338,tnt_amer,Northwind Systems 338,ops338@northwind.example,10/02/2022,en-IN,20928.43,N
CRM-001198,tnt_apac,Northwind Solutions 1198,ops1198@northwind.example,25/09/2024,IN,37283.52,N
CRM-001117,tnt_emea,Wayne Traders 1117,ops1117@wayne.example,08/09/2022,Germany,26932.70,Y
CRM-001311,tnt_emea,Stark Ventures 1311,ops1311@stark.example,16/07/2022,USA,21669.66,N
CRM-001153,tnt_emea,Oceanic Traders 1153,ops1153@oceanic.example,24/06/2024,DE,36283.20,Y
CRM-000502,tnt_emea,Acme Systems 502,ops502@acme.example,09/04/2022,US,15459.66,N
CRM-001264,tnt_apac,Acme Foods 1264,ops1264@acme.example,12/03/2025,Germany,8799.78,N
CRM-001250,tnt_amer,Soylent Labs 1250,ops1250@soylent.example,22/12/2023,Germany,12195.06,N
CRM-001196,tnt_emea,Hooli Holdings 1196,ops1196@hooli.example,17/05/2023,India,29631.92,N
CRM-000255,tnt_apac,Tyrell Industries 255,ops255@tyrell.example,29/03/2023,US,27941.52,N
CRM-000889,tnt_emea,Cyberdyne Partners 889,ops889@cyberdyne.example,16/09/2023,DE,32233.33,N
CRM-000484,tnt_amer,Umbrella Foods 484,ops484@umbrella.example,02/08/2024,DE,32380.84,N
CRM-000599,tnt_apac,Initech Logistics 599,ops599@initech.example,23/04/2023,India,26074.59,N
CRM-000477,tnt_apac,Initech Industries 477,ops477@initech.example,10/09/2023,Germany,36613.17,N
CRM-000329,tnt_apac,Umbrella Health 329,ops329@umbrella.example,22/11/2024,India,22125.69,N
CRM-001254,tnt_emea,Meridian Industries 1254,ops1254@meridian.example,02/04/2025,US,32909.97,N
CRM-000976,tnt_amer,Vertex Health 976,ops976@vertex.example,18/03/2024,India,24369.95,N
CRM-001127,tnt_emea,Aperture Labs 1127,ops1127@aperture.example,18/05/2023,IN,4134.62,N
CRM-000840,tnt_emea,Acme Networks 840,ops840@acme.example,15/11/2022,US,24405.91,N
CRM-001308,tnt_emea,Acme Analytics 1308,ops1308@acme.example,27/02/2024,Germany,24671.63,N
CRM-000682,tnt_amer,Acme Health 682,ops682@acme.example,30/07/2023,en-IN,18555.16,N
CRM-000097,tnt_apac,Oceanic Analytics 97,ops97@oceanic.example,08/02/2023,Germany,42571.23,N
CRM-000483,tnt_apac,Initech Labs 483,ops483@initech.example,14/04/2022,USA,248.40,Y
CRM-000365,tnt_amer,Tyrell Partners 365,,01/01/2022,USA,44098.70,N
CRM-000681,tnt_amer,Meridian Group 681,ops681@meridian.example,16/04/2024,DE,29393.29,N
CRM-001035,tnt_emea,Initech Holdings 1035,ops1035@initech.example,08/05/2023,India,19517.33,Y
CRM-001061,tnt_emea,Hooli Ventures 1061,ops1061@hooli.example,10/07/2023,IN,12513.49,N
CRM-000036,tnt_emea,Umbrella Partners 36,ops36@umbrella.example,03/11/2024,USA,21910.64,N
CRM-000018,tnt_emea,Wayne Holdings 18,ops18@wayne.example,12/09/2022,US,1312.11,Y
CRM-000166,tnt_emea,Acme Logistics 166,ops166@acme.example,23/02/2025,USA,8577.72,N
CRM-000918,tnt_amer,Acme Holdings 918,ops918@acme.example,29/11/2022,en-IN,41589.86,Y
CRM-000394,tnt_apac,Northwind Group 394,ops394@northwind.example,24/07/2024,Germany,13656.04,N
CRM-000678,tnt_apac,Northwind Group 678,ops678@northwind.example,21/02/2022,IN,24964.87,N
CRM-000770,tnt_apac,Hooli Analytics 770,ops770@hooli.example,10/12/2022,DE,10398.48,Y
CRM-100159,tnt_emea,Soylent Networks 159 (Regional),ops159@soylent.example,15/11/2022,India,37106.95,N
CRM-000582,tnt_amer,Vertex Networks 582,ops582@vertex.example,10/12/2022,US,40402.84,N
CRM-000645,tnt_amer,Aperture Health 645,ops645@aperture.example,23/09/2024,India,43667.81,N
CRM-000614,tnt_apac,Globex Networks 614,ops614@globex.example,11/02/2024,US,42902.90,N
CRM-000356,tnt_apac,Initech Traders 356,ops356@initech.example,27/09/2022,DE,39274.31,N
CRM-001129,tnt_apac,Globex Group 1129,ops1129@globex.example,07/06/2024,US,37241.34,N
CRM-000985,tnt_emea,Wayne Partners 985,ops985@wayne.example,28/08/2024,en-IN,11225.81,N
CRM-000747,tnt_apac,Hooli Group 747,ops747@hooli.example,09/01/2025,US,23635.01,N
CRM-000300,tnt_emea,Tyrell Ventures 300,,23/01/2023,DE,2639.10,N
CRM-100417,tnt_emea,Northwind Traders 417 (Regional),,16/05/2022,US,19741.59,N
CRM-000785,tnt_emea,Tyrell Ventures 785,ops785@tyrell.example,04/06/2022,IN,12967.23,N
CRM-000775,tnt_apac,Cyberdyne Ventures 775,ops775@cyberdyne.example,01/03/2022,IN,12174.11,N
CRM-000927,tnt_amer,Vertex Ventures 927,ops927@vertex.example,21/04/2023,IN,39242.70,N
CRM-000532,tnt_amer,Meridian Foods 532,ops532@meridian.example,29/08/2024,USA,9466.40,N
CRM-001178,tnt_emea,Oceanic Logistics 1178,ops1178@oceanic.example,20/02/2022,en-IN,1740.61,N
CRM-000432,tnt_emea,Virtucon Solutions 432,ops432@virtucon.example,28/03/2025,DE,37199.32,N
CRM-000159,tnt_amer,Soylent Networks 159,ops159@soylent.example,15/11/2022,Germany,27354.88,N
CRM-001399,tnt_emea,Globex Traders 1399,  OPS1399@GLOBEX.EXAMPLE  ,20/07/2024,IN,21455.79,N
CRM-000534,tnt_emea,Tyrell Analytics 534,ops534@tyrell.example,05/06/2024,DE,26718.04,N
CRM-000593,tnt_emea,Oceanic Solutions 593,  OPS593@OCEANIC.EXAMPLE  ,10/01/2024,IN,17622.21,N
CRM-000037,tnt_apac,Wayne Health 37,  OPS37@WAYNE.EXAMPLE  ,21/03/2024,USA,229.62,N
CRM-000774,tnt_emea,Oceanic Solutions 774,ops774@oceanic.example,22/08/2024,IN,13985.54,N
CRM-001278,tnt_apac,Soylent Industries 1278,ops1278@soylent.example,15/04/2025,India,15096.10,Y
CRM-001334,tnt_emea,Tyrell Logistics 1334,ops1334@tyrell.example,19/09/2023,Germany,28454.54,N
CRM-001291,tnt_emea,Wayne Health 1291,ops1291@wayne.example,14/01/2024,India,3086.09,N
CRM-000996,tnt_emea,Wayne Group 996,ops996@wayne.example,26/01/2022,Germany,2020.56,Y
CRM-000236,tnt_amer,Oceanic Holdings 236,ops236@oceanic.example,31/03/2022,India,33448.34,N
CRM-001124,tnt_emea,Stark Health 1124,ops1124@stark.example,08/04/2025,IN,8189.16,Y
CRM-001366,tnt_emea,Umbrella Industries 1366,ops1366@umbrella.example,20/06/2023,en-IN,33832.75,N
CRM-000966,tnt_emea,Globex Group 966,ops966@globex.example,30/09/2022,en-IN,23648.44,N
CRM-000336,tnt_apac,Umbrella Group 336,ops336@umbrella.example,19/11/2022,Germany,10226.62,N
CRM-001349,tnt_apac,Soylent Solutions 1349,ops1349@soylent.example,01/08/2024,DE,21555.19,N
CRM-000633,tnt_amer,Virtucon Group 633,ops633@virtucon.example,16/10/2022,en-IN,22218.61,N
CRM-001116,tnt_emea,Globex Networks 1116,ops1116@globex.example,12/12/2023,US,22794.39,N
CRM-001339,tnt_apac,Initech Partners 1339,ops1339@initech.example,25/01/2024,Germany,8695.04,N
CRM-000529,tnt_emea,Acme Group 529,ops529@acme.example,29/10/2023,USA,38158.95,N
CRM-001229,tnt_emea,Stark Networks 1229,ops1229@stark.example,18/03/2023,en-IN,37892.04,Y
CRM-000604,tnt_emea,Tyrell Systems 604,ops604@tyrell.example,07/09/2024,DE,1359.46,N
CRM-000865,tnt_apac,Meridian Analytics 865,ops865@meridian.example,15/06/2024,India,5902.24,N
CRM-001175,tnt_emea,Oceanic Logistics 1175,  OPS1175@OCEANIC.EXAMPLE  ,27/12/2023,en-IN,40489.16,N
CRM-000169,tnt_emea,Umbrella Foods 169,ops169@umbrella.example,02/12/2024,IN,35637.62,N
CRM-001137,tnt_amer,Globex Analytics 1137,ops1137@globex.example,12/10/2022,IN,26940.19,N
CRM-000192,tnt_amer,Soylent Group 192,ops192@soylent.example,08/11/2024,DE,708.10,N
CRM-000568,tnt_amer,Globex Systems 568,ops568@globex.example,22/04/2023,DE,20030.04,N
CRM-000585,tnt_amer,Globex Systems 585,ops585@globex.example,07/11/2023,IN,31952.31,N
CRM-001374,tnt_amer,Initech Logistics 1374,  OPS1374@INITECH.EXAMPLE  ,23/08/2024,DE,22152.62,N
CRM-000027,tnt_emea,Meridian Logistics 27,ops27@meridian.example,28/10/2023,India,31232.58,N
CRM-001020,tnt_amer,Umbrella Solutions 1020,ops1020@umbrella.example,02/04/2025,DE,41605.35,Y
CRM-000827,tnt_apac,Aperture Holdings 827,ops827@aperture.example,30/08/2024,IN,36779.91,N
CRM-001336,tnt_emea,Initech Analytics 1336,ops1336@initech.example,20/01/2023,DE,2661.52,N
CRM-000084,tnt_amer,Cyberdyne Traders 84,ops84@cyberdyne.example,27/04/2022,DE,35344.74,N
CRM-000450,tnt_amer,Aperture Health 450,ops450@aperture.example,19/12/2023,en-IN,15702.32,N
CRM-001377,tnt_emea,Aperture Networks 1377,ops1377@aperture.example,23/01/2023,India,31031.88,N
CRM-001038,tnt_apac,Meridian Health 1038,ops1038@meridian.example,30/03/2023,en-IN,18014.00,N
CRM-000674,tnt_emea,Meridian Systems 674,ops674@meridian.example,08/07/2024,DE,12341.19,N
CRM-000830,tnt_amer,Globex Solutions 830,ops830@globex.example,13/02/2025,India,3341.48,N
CRM-000708,tnt_emea,Wayne Partners 708,ops708@wayne.example,29/01/2023,Germany,15918.95,N
CRM-000531,tnt_emea,Wayne Health 531,ops531@wayne.example,19/02/2025,USA,31663.37,N
CRM-000072,tnt_emea,Vertex Systems 72,ops72@vertex.example,29/05/2022,en-IN,22107.86,N
CRM-000420,tnt_emea,Vertex Group 420,ops420@vertex.example,29/04/2023,IN,44084.70,Y
CRM-000311,tnt_apac,Meridian Networks 311,ops311@meridian.example,15/04/2023,US,39581.61,N
CRM-000636,tnt_apac,Oceanic Group 636,ops636@oceanic.example,14/10/2023,IN,3515.11,N
CRM-000110,tnt_emea,Virtucon Logistics 110,ops110@virtucon.example,28/01/2022,en-IN,39398.06,N
CRM-000661,tnt_emea,Meridian Labs 661,ops661@meridian.example,26/09/2022,India,20459.08,N
CRM-000490,tnt_emea,Hooli Systems 490,ops490@hooli.example,01/04/2024,Germany,2853.56,N
CRM-000444,tnt_emea,Meridian Solutions 444,ops444@meridian.example,10/01/2022,USA,24481.35,N
CRM-001225,tnt_amer,Northwind Labs 1225,ops1225@northwind.example,16/09/2024,India,32954.15,N
CRM-000658,tnt_emea,Virtucon Solutions 658,ops658@virtucon.example,25/11/2022,Germany,13709.03,N
CRM-000709,tnt_emea,Globex Holdings 709,ops709@globex.example,21/06/2022,India,29533.42,N
CRM-000932,tnt_amer,Globex Foods 932,ops932@globex.example,02/10/2023,US,14778.75,N
CRM-000637,tnt_apac,Northwind Partners 637,ops637@northwind.example,02/10/2024,US,13276.70,Y
CRM-001304,tnt_emea,Stark Foods 1304,ops1304@stark.example,28/12/2024,India,41152.58,N
CRM-000870,tnt_amer,Acme Systems 870,ops870@acme.example,14/03/2022,India,22457.55,N
CRM-001335,tnt_emea,Wayne Holdings 1335,ops1335@wayne.example,23/08/2022,DE,36835.89,N
CRM-000696,tnt_amer,Cyberdyne Industries 696,ops696@cyberdyne.example,18/04/2022,IN,26256.65,N
CRM-000746,tnt_emea,Umbrella Industries 746,ops746@umbrella.example,31/01/2024,DE,41391.28,N
CRM-000328,tnt_emea,Northwind Networks 328,ops328@northwind.example,04/04/2022,USA,3093.16,N
CRM-000435,tnt_amer,Stark Partners 435,ops435@stark.example,25/11/2022,DE,13523.62,N
CRM-000310,tnt_apac,Aperture Group 310,ops310@aperture.example,10/04/2025,DE,34552.41,N
CRM-000742,tnt_emea,Cyberdyne Holdings 742,ops742@cyberdyne.example,26/08/2023,India,29241.64,Y
CRM-001295,tnt_emea,Initech Holdings 1295,ops1295@initech.example,25/05/2022,DE,34005.70,N
CRM-001131,tnt_apac,Initech Networks 1131,ops1131@initech.example,02/10/2024,IN,38264.14,N
CRM-000371,tnt_apac,Globex Ventures 371,ops371@globex.example,22/05/2022,Germany,20058.24,N
CRM-001057,tnt_emea,Vertex Ventures 1057,ops1057@vertex.example,07/03/2025,India,40834.12,N
CRM-000837,tnt_amer,Meridian Partners 837,ops837@meridian.example,09/10/2022,India,3314.04,N
CRM-001162,tnt_amer,Globex Solutions 1162,ops1162@globex.example,22/04/2023,DE,7829.32,N
CRM-000373,tnt_amer,Virtucon Group 373,ops373@virtucon.example,29/09/2022,IN,15086.71,N
CRM-000828,tnt_amer,Wayne Systems 828,ops828@wayne.example,23/08/2024,USA,15061.12,N
CRM-001033,tnt_emea,Hooli Analytics 1033,ops1033@hooli.example,05/01/2022,IN,5560.27,N
CRM-000347,tnt_amer,Aperture Analytics 347,ops347@aperture.example,04/07/2024,DE,19820.50,N
CRM-001252,tnt_amer,Virtucon Health 1252,,10/07/2023,DE,33929.05,N
CRM-000458,tnt_amer,Meridian Foods 458,ops458@meridian.example,10/06/2022,DE,5487.87,N
CRM-001142,tnt_apac,Aperture Traders 1142,ops1142@aperture.example,12/12/2022,India,40290.19,N
CRM-000221,tnt_apac,Acme Systems 221,ops221@acme.example,01/01/2025,IN,34912.23,N
CRM-000755,tnt_apac,Virtucon Group 755,ops755@virtucon.example,16/07/2022,US,9989.95,N
CRM-000795,tnt_amer,Umbrella Partners 795,ops795@umbrella.example,07/04/2025,IN,16552.68,N
CRM-000261,tnt_apac,Tyrell Analytics 261,ops261@tyrell.example,20/03/2024,US,15690.39,N
CRM-001208,tnt_apac,Stark Health 1208,ops1208@stark.example,07/10/2023,Germany,44695.83,N
CRM-000275,tnt_emea,Globex Networks 275,ops275@globex.example,01/04/2023,India,19809.07,N
CRM-000523,tnt_amer,Tyrell Analytics 523,ops523@tyrell.example,04/01/2025,IN,7657.51,N
CRM-001074,tnt_emea,Meridian Traders 1074,ops1074@meridian.example,17/06/2024,en-IN,18310.56,N
CRM-000316,tnt_amer,Hooli Labs 316,ops316@hooli.example,18/01/2022,en-IN,1141.59,N
CRM-001024,tnt_apac,Umbrella Systems 1024,ops1024@umbrella.example,08/01/2024,IN,15467.65,N
CRM-001030,tnt_emea,Hooli Industries 1030,ops1030@hooli.example,13/07/2023,India,19660.28,N
CRM-000260,tnt_apac,Acme Group 260,ops260@acme.example,11/08/2024,IN,9086.71,N
CRM-000861,tnt_emea,Globex Industries 861,ops861@globex.example,23/08/2022,DE,35044.57,Y
CRM-000537,tnt_amer,Oceanic Traders 537,ops537@oceanic.example,01/10/2024,en-IN,16996.48,N
CRM-000154,tnt_apac,Cyberdyne Foods 154,ops154@cyberdyne.example,06/08/2023,IN,25526.11,N
CRM-000466,tnt_apac,Stark Logistics 466,ops466@stark.example,09/12/2023,IN,41281.38,N
CRM-000447,tnt_apac,Acme Foods 447,ops447@acme.example,09/08/2023,Germany,31424.24,N
CRM-000121,tnt_amer,Cyberdyne Foods 121,ops121@cyberdyne.example,27/01/2025,en-IN,33388.52,N
CRM-001031,tnt_emea,Aperture Traders 1031,ops1031@aperture.example,23/10/2023,US,14279.37,N
CRM-100896,tnt_apac,Umbrella Holdings 896 (Regional),ops896@umbrella.example,05/04/2024,IN,732.43,N
CRM-000032,tnt_emea,Meridian Health 32,ops32@meridian.example,14/05/2024,DE,33117.41,N
CRM-000879,tnt_emea,Globex Traders 879,ops879@globex.example,19/03/2022,en-IN,17145.02,N
CRM-000016,tnt_amer,Umbrella Traders 16,ops16@umbrella.example,23/10/2022,India,9448.15,N
CRM-000170,tnt_emea,Soylent Analytics 170,ops170@soylent.example,22/02/2024,India,16825.80,N
CRM-000805,tnt_amer,Initech Holdings 805,ops805@initech.example,08/02/2024,US,21827.84,N
CRM-000500,tnt_apac,Acme Foods 500,ops500@acme.example,15/07/2023,Germany,30478.78,N
CRM-000904,tnt_amer,Acme Industries 904,ops904@acme.example,08/10/2023,USA,38057.80,N
CRM-001078,tnt_apac,Cyberdyne Holdings 1078,ops1078@cyberdyne.example,15/11/2023,US,39594.30,N
CRM-001134,tnt_apac,Northwind Solutions 1134,ops1134@northwind.example,21/07/2023,India,8127.80,N
CRM-001345,tnt_apac,Wayne Health 1345,ops1345@wayne.example,19/12/2024,IN,34254.76,N
CRM-000427,tnt_emea,Initech Logistics 427,ops427@initech.example,04/04/2023,IN,12813.30,N
CRM-000718,tnt_amer,Umbrella Networks 718,ops718@umbrella.example,28/06/2024,USA,24697.48,N
CRM-000055,tnt_emea,Globex Traders 55,ops55@globex.example,30/03/2023,US,2226.02,N
CRM-000548,tnt_apac,Northwind Health 548,ops548@northwind.example,28/12/2023,IN,443.28,N
CRM-001144,tnt_apac,Acme Networks 1144,ops1144@acme.example,14/08/2024,en-IN,36122.17,N
CRM-100365,tnt_apac,Tyrell Partners 365 (Regional),ops365@tyrell.example,01/01/2022,IN,16728.06,N
CRM-001263,tnt_emea,Vertex Ventures 1263,ops1263@vertex.example,30/01/2023,DE,23868.78,N
CRM-000632,tnt_apac,Stark Health 632,ops632@stark.example,20/06/2023,India,19412.61,N
CRM-001103,tnt_emea,Virtucon Systems 1103,ops1103@virtucon.example,27/04/2024,US,13213.02,N
CRM-001163,tnt_amer,Hooli Health 1163,ops1163@hooli.example,01/09/2023,DE,16273.48,N
CRM-000901,tnt_amer,Initech Partners 901,ops901@initech.example,05/02/2023,Germany,7863.51,N
CRM-000723,tnt_amer,Wayne Health 723,ops723@wayne.example,11/10/2023,DE,22272.97,N
CRM-000092,tnt_apac,Northwind Health 92,ops92@northwind.example,29/04/2023,DE,44257.84,N
CRM-000418,tnt_emea,Virtucon Solutions 418,ops418@virtucon.example,10/02/2023,USA,22266.07,N
CRM-000846,tnt_apac,Northwind Traders 846,ops846@northwind.example,29/05/2022,US,33376.45,N
CRM-001180,tnt_amer,Meridian Group 1180,ops1180@meridian.example,18/11/2023,DE,15809.77,N
CRM-000670,tnt_apac,Vertex Partners 670,  OPS670@VERTEX.EXAMPLE  ,08/01/2024,en-IN,9670.01,N
CRM-001155,tnt_emea,Northwind Holdings 1155,ops1155@northwind.example,15/04/2025,Germany,36848.91,N
CRM-000815,tnt_amer,Tyrell Foods 815,ops815@tyrell.example,25/07/2024,DE,20085.13,N
CRM-000714,tnt_emea,Aperture Systems 714,ops714@aperture.example,27/01/2025,USA,26665.71,N
CRM-000654,tnt_amer,Aperture Solutions 654,ops654@aperture.example,22/09/2023,Germany,32987.01,N
CRM-000629,tnt_emea,Stark Partners 629,ops629@stark.example,05/09/2022,US,13668.73,N
CRM-000597,tnt_emea,Aperture Traders 597,ops597@aperture.example,11/08/2022,IN,18344.44,N
CRM-000677,tnt_apac,Soylent Logistics 677,,28/10/2024,Germany,43706.47,N
CRM-000067,tnt_apac,Cyberdyne Partners 67,ops67@cyberdyne.example,13/03/2022,USA,25236.18,N
CRM-001343,tnt_amer,Umbrella Foods 1343,ops1343@umbrella.example,28/08/2023,en-IN,40970.06,N
CRM-000145,tnt_amer,Tyrell Traders 145,,12/04/2022,USA,26126.00,N
CRM-001111,tnt_amer,Aperture Group 1111,ops1111@aperture.example,23/09/2022,US,19005.05,N
CRM-000006,tnt_amer,Acme Analytics 6,ops6@acme.example,14/12/2022,US,11088.18,N
CRM-001287,tnt_apac,Northwind Traders 1287,ops1287@northwind.example,08/03/2022,USA,12284.40,N
CRM-000109,tnt_amer,Oceanic Logistics 109,ops109@oceanic.example,04/12/2022,Germany,43665.98,N
CRM-000772,tnt_apac,Tyrell Networks 772,ops772@tyrell.example,25/02/2022,DE,29417.10,N
CRM-000473,tnt_amer,Hooli Networks 473,ops473@hooli.example,25/10/2022,Germany,34781.22,N
CRM-000412,tnt_apac,Cyberdyne Ventures 412,ops412@cyberdyne.example,27/10/2024,IN,22028.85,N
CRM-000823,tnt_apac,Globex Networks 823,ops823@globex.example,04/03/2022,Germany,38047.17,N
CRM-000400,tnt_amer,Hooli Foods 400,ops400@hooli.example,30/12/2022,IN,19299.13,N
CRM-000515,tnt_apac,Stark Partners 515,ops515@stark.example,18/05/2023,Germany,29941.91,N
CRM-000857,tnt_emea,Stark Solutions 857,ops857@stark.example,17/08/2023,DE,1283.42,N
CRM-001310,tnt_emea,Wayne Health 1310,ops1310@wayne.example,18/09/2022,USA,36069.19,N
CRM-000679,tnt_apac,Tyrell Group 679,ops679@tyrell.example,06/04/2023,Germany,18152.41,N
CRM-001068,tnt_emea,Meridian Partners 1068,ops1068@meridian.example,19/08/2023,en-IN,30761.54,N
CRM-001247,tnt_emea,Umbrella Labs 1247,  OPS1247@UMBRELLA.EXAMPLE  ,07/12/2022,USA,11678.87,N
CRM-000787,tnt_apac,Hooli Analytics 787,ops787@hooli.example,09/01/2023,en-IN,13589.32,N
CRM-000852,tnt_apac,Umbrella Ventures 852,,22/06/2024,US,29885.28,N
CRM-100516,tnt_emea,Wayne Logistics 516 (Regional),,29/03/2025,India,7984.82,N
CRM-001001,tnt_amer,Cyberdyne Holdings 1001,ops1001@cyberdyne.example,12/03/2022,India,28271.54,N
CRM-000572,tnt_apac,Aperture Traders 572,ops572@aperture.example,06/01/2023,US,16241.85,N
CRM-000967,tnt_apac,Vertex Partners 967,ops967@vertex.example,24/11/2022,India,41142.72,N
CRM-000562,tnt_emea,Umbrella Industries 562,ops562@umbrella.example,19/02/2025,IN,22441.60,N
CRM-001023,tnt_emea,Acme Group 1023,ops1023@acme.example,18/04/2023,USA,27379.54,N
CRM-000521,tnt_apac,Soylent Systems 521,ops521@soylent.example,13/07/2023,Germany,43743.30,N
CRM-101340,tnt_amer,Oceanic Solutions 1340 (Regional),ops1340@oceanic.example,23/02/2023,DE,14474.27,N
CRM-000383,tnt_amer,Acme Traders 383,ops383@acme.example,06/06/2022,DE,43810.05,N
CRM-000209,tnt_amer,Aperture Analytics 209,ops209@aperture.example,21/05/2023,IN,4393.30,N
CRM-001279,tnt_emea,Soylent Holdings 1279,ops1279@soylent.example,25/08/2023,India,34149.95,Y
CRM-000195,tnt_amer,Initech Ventures 195,ops195@initech.example,19/07/2022,en-IN,31713.15,N
CRM-000875,tnt_emea,Virtucon Systems 875,ops875@virtucon.example,08/04/2023,en-IN,5353.67,N
CRM-000019,tnt_amer,Stark Systems 19,ops19@stark.example,03/07/2023,India,7694.83,N
CRM-001133,tnt_amer,Hooli Logistics 1133,ops1133@hooli.example,04/01/2024,en-IN,26771.75,Y
CRM-001212,tnt_amer,Acme Partners 1212,ops1212@acme.example,23/03/2022,Germany,42857.61,N
CRM-000831,tnt_amer,Umbrella Ventures 831,ops831@umbrella.example,30/07/2023,DE,34379.33,N
CRM-000777,tnt_apac,Virtucon Foods 777,ops777@virtucon.example,06/06/2024,IN,26153.28,N
CRM-000214,tnt_amer,Acme Group 214,ops214@acme.example,28/02/2025,Germany,32529.10,N
CRM-000163,tnt_emea,Initech Traders 163,ops163@initech.example,15/01/2024,IN,34774.00,N
CRM-000715,tnt_emea,Oceanic Analytics 715,ops715@oceanic.example,23/01/2023,DE,40747.64,N
CRM-001333,tnt_apac,Cyberdyne Foods 1333,ops1333@cyberdyne.example,12/03/2022,DE,16315.35,N
CRM-000559,tnt_amer,Acme Solutions 559,ops559@acme.example,17/02/2022,DE,22760.20,N
CRM-100483,tnt_amer,Initech Labs 483 (Regional),ops483@initech.example,14/04/2022,Germany,4491.52,Y
CRM-000808,tnt_emea,Aperture Logistics 808,,14/01/2025,India,1540.32,N
CRM-000147,tnt_apac,Soylent Group 147,,04/02/2024,Germany,9408.32,N
CRM-000953,tnt_emea,Globex Labs 953,ops953@globex.example,12/12/2023,US,24535.79,N
CRM-000850,tnt_apac,Meridian Solutions 850,ops850@meridian.example,28/07/2024,IN,21874.21,N
CRM-001181,tnt_apac,Northwind Health 1181,ops1181@northwind.example,08/05/2023,USA,18585.07,N
CRM-000314,tnt_emea,Initech Holdings 314,ops314@initech.example,27/07/2023,DE,37746.92,N
CRM-000987,tnt_emea,Vertex Group 987,ops987@vertex.example,31/07/2022,Germany,24344.92,N
CRM-000621,tnt_amer,Cyberdyne Labs 621,  OPS621@CYBERDYNE.EXAMPLE  ,15/07/2022,US,13896.02,N
CRM-000285,tnt_apac,Aperture Health 285,ops285@aperture.example,06/10/2023,USA,7937.47,N
CRM-001296,tnt_amer,Hooli Health 1296,ops1296@hooli.example,27/07/2022,USA,30281.48,N
CRM-000908,tnt_amer,Hooli Partners 908,ops908@hooli.example,01/07/2024,USA,3999.58,N
CRM-000143,tnt_emea,Cyberdyne Holdings 143,ops143@cyberdyne.example,13/07/2024,India,39311.79,N
CRM-000112,tnt_amer,Aperture Partners 112,ops112@aperture.example,18/02/2023,USA,21304.49,N
CRM-001242,tnt_apac,Virtucon Analytics 1242,ops1242@virtucon.example,10/04/2023,India,43719.22,N
CRM-001317,tnt_apac,Meridian Labs 1317,ops1317@meridian.example,11/05/2024,Germany,43838.67,Y
CRM-001012,tnt_amer,Soylent Networks 1012,ops1012@soylent.example,28/03/2025,IN,9999.08,N
CRM-000498,tnt_amer,Aperture Health 498,ops498@aperture.example,12/11/2022,en-IN,34586.49,N
CRM-000820,tnt_amer,Northwind Partners 820,ops820@northwind.example,12/01/2022,DE,24498.56,N
CRM-000010,tnt_amer,Hooli Health 10,ops10@hooli.example,13/03/2022,DE,18862.86,N
CRM-000626,tnt_emea,Acme Networks 626,ops626@acme.example,20/05/2022,India,36656.15,N
CRM-000969,tnt_emea,Vertex Ventures 969,ops969@vertex.example,20/01/2025,US,25311.90,N
CRM-000743,tnt_amer,Vertex Systems 743,ops743@vertex.example,25/04/2023,IN,12164.60,N
CRM-000358,tnt_amer,Cyberdyne Foods 358,ops358@cyberdyne.example,17/09/2023,India,35102.69,N
CRM-100953,tnt_amer,Globex Labs 953 (Regional),ops953@globex.example,12/12/2023,India,42101.73,N
CRM-000096,tnt_emea,Cyberdyne Group 96,ops96@cyberdyne.example,13/05/2023,DE,17914.90,N
CRM-000513,tnt_emea,Soylent Ventures 513,ops513@soylent.example,23/07/2023,USA,32092.29,N
CRM-000530,tnt_amer,Initech Industries 530,ops530@initech.example,27/07/2022,en-IN,38142.75,N
CRM-000086,tnt_emea,Stark Traders 86,ops86@stark.example,21/01/2022,DE,20598.14,N
CRM-000453,tnt_amer,Initech Industries 453,ops453@initech.example,24/08/2022,en-IN,27337.23,N
CRM-001305,tnt_apac,Globex Industries 1305,ops1305@globex.example,30/05/2024,USA,18519.18,N
CRM-000234,tnt_apac,Umbrella Foods 234,  OPS234@UMBRELLA.EXAMPLE  ,03/09/2023,DE,11629.41,N
CRM-001158,tnt_emea,Globex Ventures 1158,ops1158@globex.example,01/09/2022,US,20675.56,N
CRM-000736,tnt_amer,Wayne Systems 736,ops736@wayne.example,11/04/2022,en-IN,28545.89,N
CRM-100686,tnt_apac,Northwind Logistics 686 (Regional),ops686@northwind.example,29/07/2023,en-IN,37026.35,N
CRM-001076,tnt_amer,Globex Health 1076,ops1076@globex.example,19/06/2024,en-IN,9250.39,N
CRM-000926,tnt_amer,Hooli Health 926,ops926@hooli.example,15/12/2022,India,31254.29,N
CRM-001154,tnt_amer,Acme Analytics 1154,ops1154@acme.example,20/06/2023,USA,11034.98,N
CRM-001011,tnt_apac,Oceanic Ventures 1011,ops1011@oceanic.example,23/02/2025,India,15095.64,N
CRM-000320,tnt_emea,Umbrella Traders 320,ops320@umbrella.example,10/07/2023,US,15478.92,N
CRM-000821,tnt_apac,Virtucon Solutions 821,ops821@virtucon.example,19/01/2025,IN,27692.67,N
CRM-001193,tnt_emea,Acme Group 1193,ops1193@acme.example,21/06/2024,IN,35904.71,N
CRM-000436,tnt_apac,Vertex Group 436,ops436@vertex.example,22/03/2023,US,4389.58,N
CRM-000123,tnt_emea,Globex Partners 123,,01/04/2023,India,36779.01,N
CRM-000063,tnt_amer,Aperture Ventures 63,ops63@aperture.example,21/12/2023,US,37734.45,N
CRM-000811,tnt_apac,Aperture Health 811,ops811@aperture.example,02/08/2022,US,31112.29,N
CRM-001015,tnt_emea,Virtucon Ventures 1015,ops1015@virtucon.example,11/08/2022,US,40902.47,N
CRM-000034,tnt_emea,Northwind Logistics 34,ops34@northwind.example,29/08/2024,DE,27462.89,N
CRM-000745,tnt_apac,Oceanic Foods 745,ops745@oceanic.example,05/06/2023,en-IN,2409.55,N
CRM-000350,tnt_emea,Globex Networks 350,ops350@globex.example,26/12/2023,IN,9564.25,N
CRM-000540,tnt_apac,Hooli Networks 540,  OPS540@HOOLI.EXAMPLE  ,14/08/2022,US,6313.69,N
CRM-001294,tnt_amer,Tyrell Holdings 1294,ops1294@tyrell.example,19/02/2025,India,23829.79,N
CRM-001108,tnt_emea,Virtucon Analytics 1108,ops1108@virtucon.example,20/10/2022,India,36347.90,N
CRM-000326,tnt_apac,Aperture Industries 326,ops326@aperture.example,24/09/2024,India,5703.37,N
CRM-001356,tnt_apac,Tyrell Industries 1356,ops1356@tyrell.example,08/04/2023,IN,7877.25,N
CRM-001050,tnt_emea,Oceanic Health 1050,ops1050@oceanic.example,05/10/2022,Germany,40010.61,N
CRM-000377,tnt_apac,Oceanic Foods 377,ops377@oceanic.example,24/09/2023,India,28063.84,N
CRM-000286,tnt_apac,Oceanic Logistics 286,ops286@oceanic.example,15/10/2024,US,25034.38,N
CRM-001245,tnt_emea,Cyberdyne Analytics 1245,  OPS1245@CYBERDYNE.EXAMPLE  ,09/05/2024,India,18034.94,N
CRM-000080,tnt_amer,Stark Logistics 80,ops80@stark.example,16/11/2023,DE,1328.90,N
CRM-000917,tnt_emea,Virtucon Foods 917,ops917@virtucon.example,09/04/2023,en-IN,37376.23,Y
CRM-000648,tnt_apac,Hooli Solutions 648,ops648@hooli.example,10/01/2022,USA,3717.92,N
CRM-000150,tnt_amer,Acme Foods 150,ops150@acme.example,13/06/2022,DE,17031.31,N
CRM-000859,tnt_apac,Acme Holdings 859,ops859@acme.example,17/03/2022,en-IN,10636.20,N
CRM-000886,tnt_apac,Aperture Industries 886,ops886@aperture.example,27/06/2023,India,37531.43,N
CRM-000273,tnt_amer,Stark Industries 273,  OPS273@STARK.EXAMPLE  ,11/11/2024,DE,9797.50,N
CRM-000883,tnt_amer,Aperture Health 883,ops883@aperture.example,04/12/2022,Germany,28855.01,N
CRM-000600,tnt_amer,Globex Partners 600,ops600@globex.example,03/07/2024,USA,38530.61,N
CRM-000649,tnt_apac,Umbrella Holdings 649,ops649@umbrella.example,16/06/2022,Germany,36918.46,N
CRM-000409,tnt_emea,Initech Partners 409,ops409@initech.example,23/05/2023,Germany,39240.54,N
CRM-000184,tnt_amer,Initech Systems 184,ops184@initech.example,15/12/2023,DE,27229.37,N
CRM-000922,tnt_amer,Vertex Traders 922,ops922@vertex.example,16/06/2024,IN,26020.60,N
CRM-000639,tnt_emea,Acme Health 639,ops639@acme.example,02/12/2024,DE,3315.19,Y
CRM-000346,tnt_emea,Soylent Partners 346,ops346@soylent.example,16/04/2022,IN,5467.38,Y
CRM-001065,tnt_emea,Meridian Systems 1065,  OPS1065@MERIDIAN.EXAMPLE  ,06/08/2022,USA,7625.74,N
CRM-001371,tnt_amer,Oceanic Foods 1371,ops1371@oceanic.example,01/09/2022,Germany,11095.22,N
CRM-001051,tnt_amer,Soylent Group 1051,ops1051@soylent.example,06/05/2022,Germany,43726.14,N
CRM-100418,tnt_apac,Virtucon Solutions 418 (Regional),ops418@virtucon.example,10/02/2023,IN,13749.62,N
CRM-000697,tnt_emea,Stark Ventures 697,ops697@stark.example,11/04/2022,US,15301.08,Y
CRM-000946,tnt_apac,Globex Networks 946,ops946@globex.example,10/02/2025,India,44298.25,N
CRM-000407,tnt_apac,Northwind Health 407,ops407@northwind.example,01/06/2023,India,28415.19,N
CRM-000812,tnt_apac,Acme Analytics 812,ops812@acme.example,13/10/2023,IN,41414.87,N
CRM-001099,tnt_amer,Oceanic Health 1099,ops1099@oceanic.example,19/09/2024,DE,8985.59,N
CRM-001059,tnt_emea,Initech Holdings 1059,ops1059@initech.example,29/08/2022,USA,27249.21,N
CRM-000469,tnt_emea,Acme Health 469,ops469@acme.example,22/10/2023,en-IN,31173.28,Y
CRM-001089,tnt_amer,Soylent Ventures 1089,ops1089@soylent.example,24/05/2023,India,41933.83,N
CRM-000900,tnt_emea,Soylent Traders 900,ops900@soylent.example,30/08/2023,US,15135.49,Y
CRM-000384,tnt_amer,Umbrella Health 384,ops384@umbrella.example,10/11/2024,DE,42740.86,N
CRM-000692,tnt_amer,Aperture Systems 692,ops692@aperture.example,22/05/2024,en-IN,43872.20,N
CRM-001159,tnt_amer,Hooli Group 1159,ops1159@hooli.example,07/08/2022,IN,41249.62,N
CRM-001220,tnt_amer,Initech Industries 1220,ops1220@initech.example,07/02/2025,USA,1174.30,N
CRM-000078,tnt_emea,Oceanic Labs 78,ops78@oceanic.example,05/05/2023,IN,14831.78,N
CRM-000838,tnt_apac,Tyrell Holdings 838,,23/09/2023,DE,20745.30,N
CRM-001259,tnt_apac,Virtucon Solutions 1259,ops1259@virtucon.example,22/06/2022,US,21222.24,N
CRM-001281,tnt_amer,Stark Networks 1281,ops1281@stark.example,27/04/2022,India,5584.50,N
CRM-000504,tnt_emea,Stark Health 504,ops504@stark.example,22/08/2024,USA,25854.37,N
CRM-000589,tnt_emea,Soylent Partners 589,ops589@soylent.example,10/04/2025,Germany,26533.32,N
CRM-000088,tnt_apac,Globex Solutions 88,ops88@globex.example,13/02/2024,DE,26137.98,N
CRM-000525,tnt_emea,Aperture Foods 525,ops525@aperture.example,01/08/2023,USA,31172.42,N
CRM-001091,tnt_emea,Aperture Analytics 1091,ops1091@aperture.example,20/12/2022,DE,28469.93,N
CRM-000641,tnt_amer,Stark Holdings 641,ops641@stark.example,17/08/2022,IN,32880.83,N
CRM-001049,tnt_apac,Oceanic Systems 1049,ops1049@oceanic.example,13/08/2024,India,11754.89,N
CRM-000076,tnt_amer,Soylent Networks 76,ops76@soylent.example,17/02/2025,India,26207.47,N
CRM-000175,tnt_emea,Wayne Ventures 175,ops175@wayne.example,24/11/2024,Germany,24136.02,N
CRM-000272,tnt_apac,Tyrell Group 272,ops272@tyrell.example,15/09/2023,IN,30189.33,N
CRM-000461,tnt_emea,Meridian Industries 461,,13/06/2022,US,38760.70,N
CRM-001301,tnt_apac,Soylent Networks 1301,  OPS1301@SOYLENT.EXAMPLE  ,06/04/2022,Germany,29090.23,N
CRM-000631,tnt_emea,Globex Health 631,ops631@globex.example,21/12/2024,IN,31449.06,N
CRM-000107,tnt_emea,Globex Health 107,ops107@globex.example,20/08/2023,USA,21118.66,N
CRM-000437,tnt_apac,Northwind Labs 437,ops437@northwind.example,27/10/2023,DE,11228.17,N
CRM-001060,tnt_apac,Vertex Foods 1060,ops1060@vertex.example,22/09/2023,India,5602.04,N
CRM-000194,tnt_emea,Initech Analytics 194,  OPS194@INITECH.EXAMPLE  ,07/04/2025,USA,9305.06,N
CRM-001092,tnt_emea,Northwind Traders 1092,ops1092@northwind.example,22/09/2022,India,41232.26,N
CRM-000200,tnt_emea,Acme Health 200,  OPS200@ACME.EXAMPLE  ,04/12/2024,IN,16213.89,N
CRM-000149,tnt_apac,Oceanic Labs 149,ops149@oceanic.example,27/01/2025,Germany,10876.67,N
CRM-001006,tnt_apac,Oceanic Group 1006,ops1006@oceanic.example,23/02/2022,USA,15831.12,N
CRM-001393,tnt_apac,Acme Systems 1393,ops1393@acme.example,14/07/2022,en-IN,22339.87,N
CRM-000839,tnt_apac,Tyrell Group 839,ops839@tyrell.example,04/03/2025,DE,31456.94,N
CRM-000598,tnt_emea,Virtucon Systems 598,ops598@virtucon.example,30/04/2024,India,30916.65,N
CRM-000778,tnt_emea,Virtucon Solutions 778,ops778@virtucon.example,07/10/2024,US,32128.02,N
CRM-000079,tnt_emea,Tyrell Networks 79,ops79@tyrell.example,24/12/2023,DE,458.09,N
CRM-000306,tnt_apac,Globex Health 306,ops306@globex.example,23/05/2023,India,42203.76,N
CRM-001369,tnt_amer,Hooli Group 1369,ops1369@hooli.example,04/07/2023,en-IN,33011.93,N
CRM-000187,tnt_amer,Meridian Labs 187,ops187@meridian.example,21/11/2022,en-IN,19628.37,N
CRM-000601,tnt_apac,Tyrell Analytics 601,ops601@tyrell.example,22/07/2024,Germany,19843.38,N
CRM-001273,tnt_emea,Northwind Ventures 1273,ops1273@northwind.example,31/03/2025,India,32106.06,N
CRM-001055,tnt_amer,Initech Health 1055,ops1055@initech.example,03/03/2024,IN,41262.05,N
CRM-000487,tnt_emea,Meridian Ventures 487,ops487@meridian.example,28/03/2024,en-IN,4722.79,N
CRM-000566,tnt_apac,Soylent Traders 566,ops566@soylent.example,11/10/2024,IN,38901.28,N
CRM-001306,tnt_emea,Cyberdyne Analytics 1306,ops1306@cyberdyne.example,09/02/2023,India,37251.91,N
CRM-000893,tnt_emea,Oceanic Networks 893,ops893@oceanic.example,13/10/2023,IN,33077.84,N
CRM-000574,tnt_apac,Meridian Traders 574,ops574@meridian.example,02/05/2023,en-IN,31109.36,N
CRM-001388,tnt_emea,Virtucon Health 1388,ops1388@virtucon.example,21/11/2023,India,43604.63,N
CRM-000497,tnt_amer,Wayne Group 497,ops497@wayne.example,17/12/2024,USA,40455.32,N
CRM-000455,tnt_amer,Aperture Industries 455,ops455@aperture.example,29/03/2024,US,8777.50,N
CRM-100727,tnt_emea,Hooli Health 727 (Regional),ops727@hooli.example,10/12/2023,en-IN,21457.21,N
CRM-000386,tnt_apac,Initech Foods 386,ops386@initech.example,25/12/2024,IN,26598.86,N
CRM-001168,tnt_amer,Meridian Ventures 1168,ops1168@meridian.example,20/02/2022,DE,16913.48,N
CRM-000180,tnt_amer,Hooli Labs 180,ops180@hooli.example,27/09/2024,Germany,8888.57,Y
CRM-101038,tnt_amer,Meridian Health 1038 (Regional),,30/03/2023,India,30910.88,N
CRM-100737,tnt_apac,Initech Networks 737 (Regional),ops737@initech.example,11/02/2023,DE,13987.33,N
CRM-001384,tnt_emea,Virtucon Systems 1384,ops1384@virtucon.example,04/05/2024,en-IN,31484.11,N
CRM-000725,tnt_apac,Hooli Logistics 725,ops725@hooli.example,27/02/2025,US,44649.51,N
CRM-000021,tnt_apac,Tyrell Partners 21,ops21@tyrell.example,01/11/2024,USA,31490.16,Y
CRM-000656,tnt_apac,Northwind Logistics 656,ops656@northwind.example,20/04/2022,Germany,28409.93,N
CRM-100539,tnt_emea,Northwind Health 539 (Regional),ops539@northwind.example,28/04/2023,en-IN,31178.54,N
CRM-000452,tnt_amer,Stark Traders 452,ops452@stark.example,18/03/2025,Germany,12515.22,N
CRM-000826,tnt_amer,Vertex Industries 826,ops826@vertex.example,01/02/2023,Germany,41999.31,N
CRM-000162,tnt_amer,Aperture Solutions 162,ops162@aperture.example,11/10/2022,DE,14050.29,N
CRM-000617,tnt_apac,Vertex Traders 617,ops617@vertex.example,24/09/2024,en-IN,40000.22,N
CRM-000761,tnt_apac,Initech Logistics 761,  OPS761@INITECH.EXAMPLE  ,30/01/2025,DE,31107.58,N
CRM-000237,tnt_apac,Acme Industries 237,ops237@acme.example,17/02/2024,Germany,16046.80,N
CRM-001280,tnt_emea,Vertex Ventures 1280,ops1280@vertex.example,07/01/2022,USA,7881.53,N
CRM-000921,tnt_apac,Stark Health 921,ops921@stark.example,06/05/2023,India,6952.54,Y
CRM-000315,tnt_apac,Hooli Systems 315,ops315@hooli.example,19/03/2023,US,40983.95,N
CRM-000834,tnt_amer,Acme Logistics 834,ops834@acme.example,26/07/2023,IN,27264.80,N
CRM-000348,tnt_emea,Wayne Holdings 348,ops348@wayne.example,31/03/2023,DE,19802.06,N
CRM-000695,tnt_emea,Vertex Solutions 695,ops695@vertex.example,15/08/2022,Germany,39189.96,N
CRM-000872,tnt_amer,Meridian Holdings 872,ops872@meridian.example,22/10/2024,IN,9908.36,N
CRM-001338,tnt_amer,Tyrell Ventures 1338,ops1338@tyrell.example,14/01/2023,Germany,517.43,N
CRM-000959,tnt_emea,Virtucon Solutions 959,ops959@virtucon.example,10/09/2023,USA,20340.18,N
CRM-000178,tnt_emea,Umbrella Networks 178,ops178@umbrella.example,28/02/2022,Germany,21014.10,Y
CRM-000074,tnt_amer,Tyrell Analytics 74,ops74@tyrell.example,13/05/2024,India,17687.27,Y
CRM-001320,tnt_amer,Umbrella Networks 1320,ops1320@umbrella.example,06/06/2022,en-IN,33080.87,Y
CRM-001277,tnt_apac,Stark Holdings 1277,ops1277@stark.example,18/11/2022,Germany,23090.16,N
CRM-001187,tnt_emea,Oceanic Analytics 1187,ops1187@oceanic.example,02/12/2024,en-IN,33966.39,N
CRM-001028,tnt_emea,Vertex Labs 1028,ops1028@vertex.example,19/01/2025,US,23178.87,N
CRM-000906,tnt_amer,Acme Solutions 906,ops906@acme.example,19/04/2022,DE,6081.40,N
CRM-000325,tnt_amer,Umbrella Analytics 325,ops325@umbrella.example,25/12/2022,DE,5421.11,N
CRM-000520,tnt_amer,Acme Group 520,ops520@acme.example,25/05/2023,Germany,1107.56,N
CRM-001064,tnt_amer,Umbrella Labs 1064,ops1064@umbrella.example,02/04/2022,USA,40986.06,N
CRM-001206,tnt_amer,Aperture Foods 1206,ops1206@aperture.example,28/05/2022,USA,33189.35,N
CRM-000472,tnt_amer,Virtucon Solutions 472,ops472@virtucon.example,07/03/2025,IN,19739.91,N
CRM-000254,tnt_emea,Initech Ventures 254,ops254@initech.example,31/08/2024,en-IN,11936.78,Y
CRM-000981,tnt_amer,Oceanic Ventures 981,ops981@oceanic.example,08/08/2024,US,4375.63,N
CRM-000519,tnt_apac,Acme Partners 519,ops519@acme.example,05/01/2023,India,28313.97,N
CRM-001372,tnt_amer,Aperture Solutions 1372,ops1372@aperture.example,16/03/2025,USA,15030.32,N
CRM-000520,tnt_amer,Acme Group 520,ops520@acme.example,25/05/2023,Germany,1107.56,N
CRM-001012,tnt_amer,Soylent Networks 1012,ops1012@soylent.example,28/03/2025,IN,9999.08,N
CRM-001389,tnt_emea,Vertex Logistics 1389,ops1389@vertex.example,23/10/2022,US,4758.31,N
CRM-000154,tnt_apac,Cyberdyne Foods 154,ops154@cyberdyne.example,06/08/2023,IN,25526.11,N
CRM-000695,tnt_emea,Vertex Solutions 695,ops695@vertex.example,15/08/2022,Germany,39189.96,N
CRM-000166,tnt_emea,Acme Logistics 166,ops166@acme.example,23/02/2025,USA,8577.72,N
CRM-001283,tnt_amer,Meridian Logistics 1283,ops1283@meridian.example,21/12/2022,USA,21341.12,Y
CRM-001137,tnt_amer,Globex Analytics 1137,ops1137@globex.example,12/10/2022,IN,26940.19,N
CRM-000386,tnt_apac,Initech Foods 386,ops386@initech.example,25/12/2024,IN,26598.86,N
CRM-001393,tnt_apac,Acme Systems 1393,ops1393@acme.example,14/07/2022,en-IN,22339.87,N
CRM-000487,tnt_emea,Meridian Ventures 487,ops487@meridian.example,28/03/2024,en-IN,4722.79,N
CRM-001144,tnt_apac,Acme Networks 1144,ops1144@acme.example,14/08/2024,en-IN,36122.17,N
CRM-001245,tnt_emea,Cyberdyne Analytics 1245,  OPS1245@CYBERDYNE.EXAMPLE  ,09/05/2024,India,18034.94,N
CRM-000969,tnt_emea,Vertex Ventures 969,ops969@vertex.example,20/01/2025,US,25311.90,N
CRM-000404,tnt_emea,Soylent Holdings 404,ops404@soylent.example,05/03/2022,Germany,5720.12,N
CRM-001248,tnt_apac,Hooli Health 1248,ops1248@hooli.example,06/07/2023,US,31649.15,N
CRM-000754,tnt_amer,Wayne Foods 754,  OPS754@WAYNE.EXAMPLE  ,04/08/2023,US,27425.15,Y
CRM-000103,tnt_amer,Vertex Systems 103,ops103@vertex.example,12/02/2022,IN,43396.16,N
CRM-000286,tnt_apac,Oceanic Logistics 286,ops286@oceanic.example,15/10/2024,US,25034.38,N
CRM-100259,tnt_amer,Northwind Labs 259 (Regional),ops259@northwind.example,04/08/2022,DE,36692.89,N
CRM-000074,tnt_amer,Tyrell Analytics 74,ops74@tyrell.example,13/05/2024,India,17687.27,Y
CRM-000666,tnt_emea,Globex Foods 666,ops666@globex.example,15/05/2023,USA,36154.92,N
